{
  "designerVersion" : "1.5.48",
  "id" : "customPivotTable",
  "name" : "pivotTable",
  "lastUpdate" : 1505981866442,
  "template" : "<!-- The custom widget template is defined here\n   - You can use standard HTML tags and AngularJS built-in directives, scope and interpolation system\n   - Custom widget properties defined on the right can be used as variables in a templates with properties.newProperty\n   - Functions exposed in the controller can be used with ctrl.newFunction()\n   - You can use the 'environment' property injected in the scope when inside the Editor whiteboard. It allows to define a mockup\n     of the Custom Widget to be displayed in the whiteboard only. By default the widget is represented by an auto-generated icon\n     and its name (See the <span> below).\n-->\n \n<span ng-if=\"environment\"><identicon name=\"{{environment.component.id}}\" size=\"30\" background-color=\"[255,255,255, 0]\" foreground-color=\"[51,51,51]\"></identicon> {{environment.component.name}}</span>\n<div id=\"pgrid\"></div>",
  "controller" : "/**\n * The controller is a JavaScript function that augments the AngularJS scope and exposes functions that can be used in the custom widget template\n * \n * Custom widget properties defined on the right can be used as variables in a controller with $scope.properties\n * To use AngularJS standard services, you must declare them in the main function arguments.\n * \n * You can leave the controller empty if you do not need it.\n */\nfunction ($scope) {\n// data source\n  var data = $scope.properties.data;\n \n  // pivot grid options\n  var config = {\n    dataSource: data,\n    dataHeadersLocation: 'columns',\n    theme: $scope.properties.theme,\n    toolbar: {\n        visible: $scope.properties.toolbar\n    },\n    grandTotal: {\n        rowsvisible: true,\n        columnsvisible: true\n    },\n    subTotal: {\n        visible: true,\n        collapsed: true\n    },\n    fields: $scope.properties.fields, /*[\n        { name: '0', caption: 'Entity' },\n        { name: '1', caption: 'Product' },\n        { name: '2', caption: 'Manufacturer', sort: { order: 'asc' } },\n        { name: '3', caption: 'Class' },\n        { name: '4', caption: 'Category', sort: { order: 'desc' } },\n        { name: '5', caption: 'Quantity' },\n        {\n            name: '6',\n            caption: 'Amount',\n            dataSettings: {\n                  aggregateFunc: 'avg',\n                  formatFunc: function(value) {\n                      return Number(value).toFixed(0);\n                  }\n            }\n        }\n    ],*/\n    rows    : $scope.properties.rows , //[ 'Manufacturer', 'Category' ],\n    //columns : ['Class'],\n    data    : [ 'Amount' ],\n    /*preFilters : {\n        'Manufacturer': { 'Matches': /n/ },\n        'Amount'      : { '>':  40 }\n    } */ //,\n    width: 1110,\n    height: 645\n  };\n\n  // instantiate and show the pivot grid\n  new orb.pgridwidget(config).render(document.getElementById('pgrid'));\n}",
  "custom" : true,
  "properties" : [ {
    "label" : "Data for table",
    "name" : "data",
    "help" : "A JSON representation of the data",
    "type" : "text",
    "bond" : "expression"
  }, {
    "label" : "Theme for table",
    "name" : "theme",
    "type" : "choice",
    "defaultValue" : "blue",
    "choiceValues" : [ "red", "blue", "green", "orange", "black", "white" ],
    "bond" : "constant"
  }, {
    "label" : "Show toolbar?",
    "name" : "toolbar",
    "type" : "boolean",
    "defaultValue" : true,
    "bond" : "constant"
  }, {
    "label" : "Fields",
    "name" : "fields",
    "help" : "Fields as described in a JSON object. Minimum format is ['name': 'name', 'caption': 'caption' ]",
    "type" : "text",
    "bond" : "expression"
  }, {
    "label" : "Rows",
    "name" : "rows",
    "type" : "text",
    "bond" : "expression"
  }, {
    "label" : "Columns",
    "name" : "columns",
    "type" : "text",
    "bond" : "expression"
  }, {
    "label" : "Column data",
    "name" : "columnData",
    "type" : "text",
    "bond" : "expression"
  } ],
  "assets" : [ {
    "id" : "46946f8e-11d0-42a0-8679-1572b2bb846e",
    "name" : "react.js",
    "type" : "js",
    "order" : 2,
    "external" : false
  }, {
    "id" : "4a519e4c-69e1-4b3f-8833-716193641781",
    "name" : "orb.min.js",
    "type" : "js",
    "order" : 3,
    "external" : false
  }, {
    "id" : "889dbbd5-073e-489c-a748-91a57bbc1ac2",
    "name" : "orb.min.css",
    "type" : "css",
    "order" : 1,
    "external" : false
  } ],
  "requiredModules" : [ ],
  "type" : "widget",
  "hasHelp" : false
}