{
  "designerVersion" : "1.5.48",
  "id" : "8d760923-81bf-40c7-8c02-0e447fd82543",
  "name" : "BudgetProposalsTable",
  "type" : "page",
  "lastUpdate" : 1505981866614,
  "rows" : [ [ {
    "type" : "component",
    "dimension" : {
      "xs" : 12,
      "sm" : 12,
      "md" : 12,
      "lg" : 12
    },
    "propertyValues" : {
      "cssClasses" : {
        "type" : "constant",
        "value" : ""
      },
      "hidden" : {
        "type" : "constant",
        "value" : false
      },
      "data" : {
        "type" : "expression",
        "value" : "sampleData"
      },
      "theme" : {
        "type" : "constant",
        "value" : "blue"
      },
      "toolbar" : {
        "type" : "constant",
        "value" : true
      },
      "columnsKey" : {
        "type" : "constant",
        "value" : [ "Class" ]
      },
      "fields" : {
        "type" : "expression",
        "value" : "fields"
      },
      "rows" : {
        "type" : "expression",
        "value" : "rows"
      },
      "columns" : {
        "type" : "constant"
      },
      "columnData" : {
        "type" : "constant"
      }
    },
    "reference" : "6b513938-2418-45c0-bb76-b09ecab52f8e",
    "id" : "customPivotTable"
  } ] ],
  "assets" : [ {
    "id" : "13cd6749-8e6a-493e-9600-99243888ead6",
    "name" : "style.css",
    "type" : "css",
    "order" : 0,
    "external" : false
  }, {
    "id" : "6d4121ba-d469-49dc-81f9-4d5b618435be",
    "name" : "localization.json",
    "type" : "json",
    "order" : 0,
    "external" : false
  } ],
  "inactiveAssets" : [ ],
  "data" : {
    "sampleData" : {
      "type" : "json",
      "value" : "[\r\n[\"2014\",\"Secteur Est\",\"Site Plateform\",\"4374\",\"Plateform 1\",\"Charlot\", \"9012724\", \"SMT1-0000073-01\", \"G1X336S01529\", \"(vide)\", \"A renouveler\", \"Validation\", \"Commande\", \"(vide)\", 509.55],\r\n[\"2014\",\"Secteur Est\",\"Site Plateform\",\"4374\",\"Plateform 1\",\"Charlot\", \"9012725\", \"SMT1-0000074-01\", \"G1X336S01533\", \"(vide)\", \"A renouveler\", \"Projet\", \"Commande\", \"(vide)\", 351],\r\n[\"2014\",\"Secteur Est\",\"Site Plateform\",\"4374\",\"Plateform 1\",\"Charlot\", \"9012717\", \"SMT1-0000075-01\", \"G1X336S01529\", \"(vide)\", \"A renouveler\", \"Projet\", \"Commande\", \"(vide)\", 4163.67],\r\n[\"2014\",\"Secteur Est\",\"Site Plateform\",\"4556\",\"Gestion Site\",\"Charlot\", \"9012832\", \"SMT1-0000090-01\", \"G1X336M0O629\", \"(vide)\", \"A renouveler\", \"Demande\", \"Termine\", \"(vide)\", 2038.1],\r\n[\"2014\",\"Secteur Est\",\"Loiret 45\",\"3475\",\"Orleans Inc\",\"Charlot\", \"9012720\", \"SMT1-0001318-01\", \"7260ZJ45\", \"(vide)\", \"A transferer\", \"CE Chariot\", \"Termine\", \"(vide)\", 419.65],\r\n[\"2014\",\"Secteur Est\",\"Loiret 45\",\"5131\",\"Plateform 2\",\"Charlot\", \"9012941\", \"SMT1-0001321-01\", \"36R00558C\", \"(vide)\", \"A sortir\", \"Renouvelteme\", \"Accepte\", \"(vide)\", 381.15],\r\n[\"2014\",\"Secteur Est\",\"Aube-Yonne\",\"1250\",\"Troyes\",\"Charlot\", \"9012563\", \"SMT1-0001122-01\", \"H2X393U07028\", \"(vide)\", \"A renouveler\", \"Achat Retrace\", \"Workflow valide\", \"(vide)\", 391.05],\r\n[\"2014\",\"Secteur Ouest\",\"Indre et Loire\",\"3366\",\"Chambray\",\"Charlot\", \"9012726\", \"SMT1-0000073-01\", \"14036\", \"(vide)\", \"Nouveau materiel\", \"Achar Charge\", \"Commande\", \"(vide)\", 2038.1],\r\n[\"2014\",\"Secteur Ouest\",\"BT-Aube\",\"1252\",\"Gaye BPE\",\"Charlot\", \"9012799\", \"SMT1-0001319-01\", \"36S01539C\", \"(vide)\", \"A renouveler\", \"Validation\", \"Workflow envoy\", \"(vide)\", 549.05],\r\n[\"2014\",\"Secteur Ouest\",\"BT-Aube\",\"1252\",\"Gaye BPE\",\"Charlot\", \"9012798\", \"SMT1-0001586-01\", \"(vide)\", \"(vide)\", \"A renouveler\", \"Validation\", \"Commande\", \"(vide)\", 425.1],\r\n[\"2014\",\"Secteur Ouest\",\"Indre et Grenoble\",\"1356\",\"Bonita\",\"Charlot\", \"(vide)\", \"SMT1-0000099-01\", \"(vide)\", \"(vide)\", \"A renouveler\", \"Validation\", \"Commande\", \"(vide)\", 4416.15]\r\n]",
      "exposed" : false
    },
    "fields" : {
      "type" : "json",
      "value" : "[\n    { \"name\": \"0\", \"caption\": \"Budget exercise\" },\n    { \"name\": \"1\", \"caption\": \"Secteur\" },\n    { \"name\": \"2\", \"caption\": \"Site nom\" },\n    { \"name\": \"3\", \"caption\": \"Agence\" },\n    { \"name\": \"4\", \"caption\": \"Agence nom\" },\n    { \"name\": \"5\", \"caption\": \"Genre\" },\n    { \"name\": \"6\", \"caption\": \"No. materiel\" },\n    { \"name\": \"7\", \"caption\": \"Ref budget\" },\n    { \"name\": \"8\", \"caption\": \"Immat pere\" },\n    { \"name\": \"9\", \"caption\": \"Observations et arch\" },\n    { \"name\": \"10\", \"caption\": \"Motif demande\" },\n    { \"name\": \"11\", \"caption\": \"Argumentaire\" },\n    { \"name\": \"12\", \"caption\": \"Statut demande\" },\n    { \"name\": \"13\", \"caption\": \"Motivation\" },\n    {\n        \"name\": \"14\",\n        \"caption\": \"Amount\",\n        \"dataSettings\": {\n              \"aggregateFunc\": \"sum\"\n        }\n    }\n]",
      "exposed" : false
    },
    "rows" : {
      "type" : "json",
      "value" : "[ \"Budget exercise\", \"Secteur\", \"Site nom\", \"Agence\", \"Agence nom\", \"Genre\", \"No materiel\" ]",
      "exposed" : false
    }
  }
}