{
  "designerVersion" : "1.5.51",
  "id" : "105bfc18-a6f0-49f2-9a28-6f968a5ae42a",
  "name" : "ActionsEnAttente",
  "type" : "page",
  "lastUpdate" : 1506000622471,
  "rows" : [ [ {
    "type" : "component",
    "dimension" : {
      "xs" : 12,
      "sm" : 12,
      "md" : 12,
      "lg" : 12
    },
    "propertyValues" : {
      "cssClasses" : {
        "type" : "constant",
        "value" : ""
      },
      "hidden" : {
        "type" : "constant",
        "value" : false
      },
      "text" : {
        "type" : "interpolation",
        "value" : "+ Créer une demande"
      },
      "type" : {
        "type" : "constant",
        "value" : "URL"
      },
      "targetUrl" : {
        "type" : "expression",
        "value" : "processURL"
      },
      "pageToken" : {
        "type" : "constant"
      },
      "processName" : {
        "type" : "constant"
      },
      "processVersion" : {
        "type" : "constant"
      },
      "taskId" : {
        "type" : "constant"
      },
      "caseId" : {
        "type" : "constant"
      },
      "target" : {
        "type" : "constant",
        "value" : "_self"
      },
      "appToken" : {
        "type" : "constant"
      },
      "urlParams" : {
        "type" : "constant"
      },
      "alignment" : {
        "type" : "constant",
        "value" : "right"
      },
      "buttonStyle" : {
        "type" : "constant",
        "value" : "info"
      }
    },
    "reference" : "33865286-4fed-44eb-9f86-120131ccb882",
    "id" : "pbLink"
  } ], [ {
    "type" : "component",
    "dimension" : {
      "xs" : 12,
      "sm" : 12,
      "md" : 12,
      "lg" : 12
    },
    "propertyValues" : {
      "cssClasses" : {
        "type" : "constant",
        "value" : ""
      },
      "hidden" : {
        "type" : "constant",
        "value" : false
      },
      "headers" : {
        "type" : "constant",
        "value" : [ "No Materiel", "Immat pere", "Genre", "Anee budget", "Montant", "Motif demande", "Urgence", "Date demande", "Statut demande" ]
      },
      "content" : {
        "type" : "expression",
        "value" : "getActiveInfo"
      },
      "columnsKey" : {
        "type" : "constant",
        "value" : [ "noMateriel", "immatPere", "genre", "anneeBudget", "montant", "motifDemande", "urgence", "dateDemande", "statutDemande" ]
      },
      "selectedRow" : {
        "type" : "variable",
        "value" : "selectedRow"
      }
    },
    "reference" : "de29b7e8-2316-44dc-b2fd-2668ca43ac06",
    "id" : "pbTable"
  } ], [ {
    "type" : "component",
    "dimension" : {
      "xs" : 12,
      "sm" : 12,
      "md" : 12,
      "lg" : 12
    },
    "propertyValues" : {
      "cssClasses" : {
        "type" : "constant",
        "value" : ""
      },
      "hidden" : {
        "type" : "expression",
        "value" : "getTaskURL == undefined"
      },
      "resizeToContent" : {
        "type" : "constant",
        "value" : true
      },
      "src" : {
        "type" : "variable",
        "value" : "getTaskURL"
      }
    },
    "reference" : "841a0ad8-1ddb-409d-a013-e34d20fbc840",
    "id" : "customAppIFrameShowRoomV3"
  } ] ],
  "assets" : [ {
    "id" : "e2347d70-f56d-4016-98c1-593f47fd7367",
    "name" : "layout.js",
    "type" : "js",
    "order" : 1,
    "external" : false
  }, {
    "id" : "b875b8c5-3bb7-4a8a-9900-daffcf60927c",
    "name" : "style.css",
    "type" : "css",
    "order" : 0,
    "external" : false
  }, {
    "id" : "2c4a2638-b459-4c85-9841-b3b118045419",
    "name" : "localization.json",
    "type" : "json",
    "order" : 0,
    "external" : false
  } ],
  "inactiveAssets" : [ ],
  "data" : {
    "getTaskInfo" : {
      "type" : "url",
      "value" : "../API/bpm/humanTask?p=0&c=1000&f=state=ready&f=user_id={{ session.user_id }}",
      "exposed" : false
    },
    "session" : {
      "type" : "url",
      "value" : "../API/system/session/1",
      "exposed" : false
    },
    "getActiveInfo" : {
      "type" : "url",
      "value" : "../API/bdm/businessData/com.company.model.PropositionDeBudget?q=findActiveData&p=0&c=100",
      "exposed" : false
    },
    "selectedRow" : {
      "type" : "json",
      "value" : "{}",
      "exposed" : false
    },
    "getTaskURL" : {
      "type" : "expression",
      "value" : "if($data.selectedRow && $data.getTaskInfo){\r\n    for(var i=0;i < $data.getTaskInfo.length; i++){\r\n        //console.log(\"ping \"+$data.selectedRow.processId);\r\n        if($data.selectedRow.processId == $data.getTaskInfo[i].rootCaseId){\r\n            \r\n            /*var xhr = new XMLHttpRequest();\r\n            xhr.open('PUT', \"https://localhost:8080/bonita/API/bpm/humanTask/\"+$data.getTaskInfo[i].id+\"?assigned_id=\"+$data.session.user_id, false);\r\n            xhr.send(); */\r\n            \r\n            var url = \"/bonita/portal/form/taskInstance/\"+ $data.getTaskInfo[i].id;\r\n            //console.log(\"URL: \", url);\r\n            \r\n            return url;\r\n        }\r\n    }\r\n}",
      "exposed" : false
    },
    "assignTask" : {
      "type" : "expression",
      "value" : "return \"hello\";",
      "exposed" : false
    },
    "processObject" : {
      "type" : "url",
      "value" : "../API/bpm/process?c=1&p=0&f=name=Demande%20de%20budget&f=version=1.1&o=deploymentDate",
      "exposed" : false
    },
    "processURL" : {
      "type" : "expression",
      "value" : "if ($data.processObject && $data.processObject.length) {\r\n    var process = $data.processObject[0];\r\n    return \"/bonita/portal/resource/process/\"+ encodeURI(process.name) +\"/\" + process.version + \"/content/?id=\" + process.id +\"&senderUrl=\"+ window.top.location.href;\r\n}",
      "exposed" : false
    },
    "reload" : {
      "type" : "expression",
      "value" : "return false;",
      "exposed" : false
    }
  }
}